customerFinder.Person,demo
partyId,salutation,firstName,middleName,lastName,gender,birthDate
P1,Mr,John,Doe,Smith,M,1985-07-15
P3,Ms,Jane,Marie,Johnson,F,1990-02-22
P5,Mr,Sam,Paul,Thompson,M,1975-11-10
P7,Ms,Amy,Grace,Roberts,F,1982-05-30
P9,Mr,David,Alexander,Wilson,M,1993-01-25
P11,Ms,Susan,Lee,Morris,F,1988-06-13
P13,Mr,Michael,James,Kelly,M,1980-04-02
P15,Ms,Karen,Elizabeth,Scott,F,1995-09-19
P17,Mr,Richard,Anthony,Martin,M,1977-12-05
P19,Ms,Patricia,Ann,Davis,F,1989-03-11
P21,Mr,William,George,Thomas,M,1991-11-17
P23,Ms,Elizabeth,Jane,Clark,F,1992-02-05
P25,Mr,Charles,Henry,Allen,M,1980-06-21
P27,Ms,Emily,Grace,Martinez,F,1994-10-30
P29,Mr,James,Robert,Gonzalez,M,1987-07-28
P31,Ms,Lisa,Marie,Perez,F,1983-01-09
P33,Mr,Mark,Joseph,Walker,M,1990-09-14
P35,Ms,Nancy,Ann,Young,F,1979-12-08
P37,Mr,Steven,Paul,Wright,M,1988-04-19
P39,Ms,Michelle,Ann,Harris,F,1992-12-02
P41,Mr,Paul,Andrew,Green,M,1985-03-22
P43,Ms,Jessica,Claire,Hall,F,1996-08-19
P45,Mr,Henry,Edward,Allen,M,1994-03-11
P47,Ms,Amanda,Marie,Adams,F,1986-06-03
P49,Mr,George,Thomas,Evans,M,1984-09-20